Country,Year,any_all,any_married,any_modern_all,any_active_unmarried,any_modern_married,any_modern_active_unmarried
Argentina,1970 [YR1970],..,..,..,..,..,..
Argentina,1971 [YR1971],..,..,..,..,..,..
Argentina,1972 [YR1972],..,..,..,..,..,..
Argentina,1973 [YR1973],..,..,..,..,..,..
Argentina,1974 [YR1974],..,..,..,..,..,..
Argentina,1975 [YR1975],..,..,..,..,..,..
Argentina,1976 [YR1976],..,..,..,..,..,..
Argentina,1977 [YR1977],..,..,..,..,..,..
Argentina,1978 [YR1978],..,..,..,..,..,..
Argentina,1979 [YR1979],..,..,..,..,..,..
Argentina,1980 [YR1980],..,..,..,..,..,..
Argentina,1981 [YR1981],..,..,..,..,..,..
Argentina,1982 [YR1982],..,..,..,..,..,..
Argentina,1983 [YR1983],..,..,..,..,..,..
Argentina,1984 [YR1984],..,..,..,..,..,..
Argentina,1985 [YR1985],..,..,..,..,..,..
Argentina,1986 [YR1986],..,..,..,..,..,..
Argentina,1987 [YR1987],..,..,..,..,..,..
Argentina,1988 [YR1988],..,..,..,..,..,..
Argentina,1989 [YR1989],..,..,..,..,..,..
Argentina,1990 [YR1990],..,..,..,..,..,..
Argentina,1991 [YR1991],..,..,..,..,..,..
Argentina,1992 [YR1992],..,..,..,..,..,..
Argentina,1993 [YR1993],..,..,..,..,..,..
Argentina,1994 [YR1994],..,..,..,..,..,..
Argentina,1995 [YR1995],..,..,..,..,..,..
Argentina,1996 [YR1996],..,..,..,..,..,..
Argentina,1997 [YR1997],..,..,..,..,..,..
Argentina,1998 [YR1998],..,..,..,..,..,..
Argentina,1999 [YR1999],..,..,..,..,..,..
Argentina,2000 [YR2000],..,..,..,..,..,..
Argentina,2001 [YR2001],65.3,..,63.8,..,..,..
Argentina,2002 [YR2002],..,..,..,..,..,..
Argentina,2003 [YR2003],..,..,..,..,..,..
Argentina,2004 [YR2004],..,..,..,..,..,..
Argentina,2005 [YR2005],78.9,..,69.9,..,..,..
Argentina,2006 [YR2006],..,..,..,..,..,..
Argentina,2007 [YR2007],..,..,..,..,..,..
Argentina,2008 [YR2008],..,..,..,..,..,..
Argentina,2009 [YR2009],..,..,..,..,..,..
Argentina,2010 [YR2010],..,..,..,..,..,..
Argentina,2011 [YR2011],..,..,..,..,..,..
Argentina,2012 [YR2012],55.4,..,53.5,..,..,..
Argentina,2013 [YR2013],59.3,72.4,57.2,..,68.9,..
Argentina,2014 [YR2014],..,..,..,..,..,..
Argentina,2015 [YR2015],..,..,..,..,..,..
Argentina,2016 [YR2016],..,..,..,..,..,..
Argentina,2017 [YR2017],..,..,..,..,..,..
Argentina,2018 [YR2018],..,..,..,..,..,..
Argentina,2019 [YR2019],..,..,..,..,..,..
Argentina,2020 [YR2020],59.1,70.1,56.8,..,67.2,..
Argentina,2021 [YR2021],..,..,..,..,..,..
Argentina,2022 [YR2022],..,..,..,..,..,..
Argentina,2023 [YR2023],..,..,..,..,..,..
Bolivia,1970 [YR1970],..,..,..,..,..,..
Bolivia,1971 [YR1971],..,..,..,..,..,..
Bolivia,1972 [YR1972],..,..,..,..,..,..
Bolivia,1973 [YR1973],..,..,..,..,..,..
Bolivia,1974 [YR1974],..,..,..,..,..,..
Bolivia,1975 [YR1975],..,..,..,..,..,..
Bolivia,1976 [YR1976],..,..,..,..,..,..
Bolivia,1977 [YR1977],..,..,..,..,..,..
Bolivia,1978 [YR1978],..,..,..,..,..,..
Bolivia,1979 [YR1979],..,..,..,..,..,..
Bolivia,1980 [YR1980],..,..,..,..,..,..
Bolivia,1981 [YR1981],..,..,..,..,..,..
Bolivia,1982 [YR1982],..,..,..,..,..,..
Bolivia,1983 [YR1983],..,..,..,..,..,..
Bolivia,1984 [YR1984],..,..,..,..,..,..
Bolivia,1985 [YR1985],..,..,..,..,..,..
Bolivia,1986 [YR1986],..,..,..,..,..,..
Bolivia,1987 [YR1987],..,..,..,..,..,..
Bolivia,1988 [YR1988],..,..,..,..,..,..
Bolivia,1989 [YR1989],19.9,30.3,8,31.8,12.2,13
Bolivia,1990 [YR1990],..,..,..,..,..,..
Bolivia,1991 [YR1991],..,..,..,..,..,..
Bolivia,1992 [YR1992],..,..,..,..,..,..
Bolivia,1993 [YR1993],..,..,..,..,..,..
Bolivia,1994 [YR1994],30.1,45.3,11.9,61.9,17.8,23.9
Bolivia,1995 [YR1995],..,..,..,..,..,..
Bolivia,1996 [YR1996],..,..,..,..,..,..
Bolivia,1997 [YR1997],..,..,..,..,..,..
Bolivia,1998 [YR1998],31.4,48.3,16.5,61.2,25.2,37.8
Bolivia,1999 [YR1999],..,..,..,..,..,..
Bolivia,2000 [YR2000],..,53.4,..,..,30.5,..
Bolivia,2001 [YR2001],..,..,..,..,..,..
Bolivia,2002 [YR2002],..,..,..,..,..,..
Bolivia,2003 [YR2003],39.3,58.4,23.7,65.3,34.9,38.9
Bolivia,2004 [YR2004],39.3,58.4,23.7,..,34.9,..
Bolivia,2005 [YR2005],..,..,..,..,..,..
Bolivia,2006 [YR2006],..,..,..,..,..,..
Bolivia,2007 [YR2007],..,..,..,..,..,..
Bolivia,2008 [YR2008],41.4,60.6,24,77.7,34.6,48.1
Bolivia,2009 [YR2009],..,..,..,..,..,..
Bolivia,2010 [YR2010],..,..,..,..,..,..
Bolivia,2011 [YR2011],..,..,..,..,..,..
Bolivia,2012 [YR2012],..,..,..,..,..,..
Bolivia,2013 [YR2013],..,..,..,..,..,..
Bolivia,2014 [YR2014],..,..,..,..,..,..
Bolivia,2015 [YR2015],..,..,..,..,..,..
Bolivia,2016 [YR2016],46.3,66.5,32.4,..,45.1,..
Bolivia,2017 [YR2017],..,..,..,..,..,..
Bolivia,2018 [YR2018],..,..,..,..,..,..
Bolivia,2019 [YR2019],..,..,..,..,..,..
Bolivia,2020 [YR2020],..,..,..,..,..,..
Bolivia,2021 [YR2021],..,..,..,..,..,..
Bolivia,2022 [YR2022],..,..,..,..,..,..
Bolivia,2023 [YR2023],..,..,..,..,..,..
Brazil,1970 [YR1970],..,..,..,..,..,..
Brazil,1971 [YR1971],..,..,..,..,..,..
Brazil,1972 [YR1972],..,..,..,..,..,..
Brazil,1973 [YR1973],..,..,..,..,..,..
Brazil,1974 [YR1974],..,..,..,..,..,..
Brazil,1975 [YR1975],..,..,..,..,..,..
Brazil,1976 [YR1976],..,..,..,..,..,..
Brazil,1977 [YR1977],..,..,..,..,..,..
Brazil,1978 [YR1978],..,..,..,..,..,..
Brazil,1979 [YR1979],..,..,..,..,..,..
Brazil,1980 [YR1980],..,..,..,..,..,..
Brazil,1981 [YR1981],..,..,..,..,..,..
Brazil,1982 [YR1982],..,..,..,..,..,..
Brazil,1983 [YR1983],..,..,..,..,..,..
Brazil,1984 [YR1984],..,..,..,..,..,..
Brazil,1985 [YR1985],..,..,..,..,..,..
Brazil,1986 [YR1986],43.7,66.2,37.3,67.4,56.5,56.1
Brazil,1987 [YR1987],..,..,..,..,..,..
Brazil,1988 [YR1988],..,..,..,..,..,..
Brazil,1989 [YR1989],..,..,..,..,..,..
Brazil,1990 [YR1990],..,..,..,..,..,..
Brazil,1991 [YR1991],..,..,..,..,..,..
Brazil,1992 [YR1992],..,..,..,..,..,..
Brazil,1993 [YR1993],..,..,..,..,..,..
Brazil,1994 [YR1994],..,..,..,..,..,..
Brazil,1995 [YR1995],..,..,..,..,..,..
Brazil,1996 [YR1996],55.4,76.7,51,77.3,70.3,71.7
Brazil,1997 [YR1997],..,..,..,..,..,..
Brazil,1998 [YR1998],..,..,..,..,..,..
Brazil,1999 [YR1999],..,..,..,..,..,..
Brazil,2000 [YR2000],..,..,..,..,..,..
Brazil,2001 [YR2001],..,..,..,..,..,..
Brazil,2002 [YR2002],..,..,..,..,..,..
Brazil,2003 [YR2003],..,..,..,..,..,..
Brazil,2004 [YR2004],..,..,..,..,..,..
Brazil,2005 [YR2005],..,..,..,..,..,..
Brazil,2006 [YR2006],..,..,..,..,..,..
Brazil,2007 [YR2007],67.8,80.6,65.2,..,77.1,..
Brazil,2008 [YR2008],..,..,..,..,..,..
Brazil,2009 [YR2009],..,..,..,..,..,..
Brazil,2010 [YR2010],..,..,..,..,..,..
Brazil,2011 [YR2011],..,..,..,..,..,..
Brazil,2012 [YR2012],..,..,..,..,..,..
Brazil,2013 [YR2013],68.4,80.2,66.6,..,77.7,..
Brazil,2014 [YR2014],..,..,..,..,..,..
Brazil,2015 [YR2015],..,..,..,..,..,..
Brazil,2016 [YR2016],..,..,..,..,..,..
Brazil,2017 [YR2017],..,..,..,..,..,..
Brazil,2018 [YR2018],..,..,..,..,..,..
Brazil,2019 [YR2019],80.5,..,79.5,..,..,..
Brazil,2020 [YR2020],..,..,..,..,..,..
Brazil,2021 [YR2021],..,..,..,..,..,..
Brazil,2022 [YR2022],..,..,..,..,..,..
Brazil,2023 [YR2023],..,..,..,..,..,..
Colombia,1970 [YR1970],..,..,..,..,..,..
Colombia,1971 [YR1971],..,..,..,..,..,..
Colombia,1972 [YR1972],..,..,..,..,..,..
Colombia,1973 [YR1973],..,..,..,..,..,..
Colombia,1974 [YR1974],..,..,..,..,..,..
Colombia,1975 [YR1975],..,..,..,..,..,..
Colombia,1976 [YR1976],..,42.5,..,..,30.4,..
Colombia,1977 [YR1977],..,..,..,..,..,..
Colombia,1978 [YR1978],26.6,..,21.7,..,..,..
Colombia,1979 [YR1979],..,..,..,..,..,..
Colombia,1980 [YR1980],..,48.5,..,..,41,..
Colombia,1981 [YR1981],..,..,..,..,..,..
Colombia,1982 [YR1982],..,..,..,..,..,..
Colombia,1983 [YR1983],..,..,..,..,..,..
Colombia,1984 [YR1984],..,..,..,..,..,..
Colombia,1985 [YR1985],..,..,..,..,..,..
Colombia,1986 [YR1986],38.9,64.8,31.9,64.2,52.4,56.3
Colombia,1987 [YR1987],..,..,..,..,..,..
Colombia,1988 [YR1988],..,..,..,..,..,..
Colombia,1989 [YR1989],..,..,..,..,..,..
Colombia,1990 [YR1990],39.9,66.1,33,65,54.6,46.4
Colombia,1991 [YR1991],..,..,..,..,..,..
Colombia,1992 [YR1992],..,..,..,..,..,..
Colombia,1993 [YR1993],..,..,..,..,..,..
Colombia,1994 [YR1994],..,..,..,..,..,..
Colombia,1995 [YR1995],48.1,72.2,39.5,74.9,59.3,56.8
Colombia,1996 [YR1996],..,..,..,..,..,..
Colombia,1997 [YR1997],..,..,..,..,..,..
Colombia,1998 [YR1998],..,..,..,..,..,..
Colombia,1999 [YR1999],..,..,..,..,..,..
Colombia,2000 [YR2000],52.8,76.9,43.8,84.1,64,64
Colombia,2001 [YR2001],..,..,..,..,..,..
Colombia,2002 [YR2002],..,..,..,..,..,..
Colombia,2003 [YR2003],..,..,..,..,..,..
Colombia,2004 [YR2004],..,..,..,..,..,..
Colombia,2005 [YR2005],56.4,78.2,49.4,81,68.2,68.2
Colombia,2006 [YR2006],..,..,..,..,..,..
Colombia,2007 [YR2007],..,..,..,..,..,..
Colombia,2008 [YR2008],..,..,..,..,..,..
Colombia,2009 [YR2009],..,..,..,..,..,..
Colombia,2010 [YR2010],61.2,79.1,56.9,81.6,72.9,75.1
Colombia,2011 [YR2011],..,..,..,..,..,..
Colombia,2012 [YR2012],..,..,..,..,..,..
Colombia,2013 [YR2013],..,..,..,..,..,..
Colombia,2014 [YR2014],..,..,..,..,..,..
Colombia,2015 [YR2015],64.9,81,61.4,82.5,75.9,77.7
Colombia,2016 [YR2016],61.1,80.9,57.8,..,75.9,..
Colombia,2017 [YR2017],..,..,..,..,..,..
Colombia,2018 [YR2018],..,..,..,..,..,..
Colombia,2019 [YR2019],..,..,..,..,..,..
Colombia,2020 [YR2020],..,..,..,..,..,..
Colombia,2021 [YR2021],..,..,..,..,..,..
Colombia,2022 [YR2022],..,..,..,..,..,..
Colombia,2023 [YR2023],..,..,..,..,..,..
Chile,1970 [YR1970],..,..,..,..,..,..
Chile,1971 [YR1971],..,..,..,..,..,..
Chile,1972 [YR1972],..,..,..,..,..,..
Chile,1973 [YR1973],..,..,..,..,..,..
Chile,1974 [YR1974],..,..,..,..,..,..
Chile,1975 [YR1975],..,..,..,..,..,..
Chile,1976 [YR1976],..,..,..,..,..,..
Chile,1977 [YR1977],..,..,..,..,..,..
Chile,1978 [YR1978],..,..,..,..,..,..
Chile,1979 [YR1979],..,..,..,..,..,..
Chile,1980 [YR1980],..,..,..,..,..,..
Chile,1981 [YR1981],..,..,..,..,..,..
Chile,1982 [YR1982],..,..,..,..,..,..
Chile,1983 [YR1983],..,..,..,..,..,..
Chile,1984 [YR1984],..,..,..,..,..,..
Chile,1985 [YR1985],..,..,..,..,..,..
Chile,1986 [YR1986],..,..,..,..,..,..
Chile,1987 [YR1987],..,..,..,..,..,..
Chile,1988 [YR1988],..,..,..,..,..,..
Chile,1989 [YR1989],..,..,..,..,..,..
Chile,1990 [YR1990],..,..,..,..,..,..
Chile,1991 [YR1991],..,..,..,..,..,..
Chile,1992 [YR1992],..,..,..,..,..,..
Chile,1993 [YR1993],..,..,..,..,..,..
Chile,1994 [YR1994],..,..,..,..,..,..
Chile,1995 [YR1995],..,..,..,..,..,..
Chile,1996 [YR1996],..,..,..,..,..,..
Chile,1997 [YR1997],..,..,..,..,..,..
Chile,1998 [YR1998],..,..,..,..,..,..
Chile,1999 [YR1999],..,..,..,..,..,..
Chile,2000 [YR2000],..,..,..,..,..,..
Chile,2001 [YR2001],60.7,..,58.2,..,..,..
Chile,2002 [YR2002],..,..,..,..,..,..
Chile,2003 [YR2003],..,..,..,..,..,..
Chile,2004 [YR2004],..,..,..,..,..,..
Chile,2005 [YR2005],..,..,..,..,..,..
Chile,2006 [YR2006],..,64.2,..,..,64.2,..
Chile,2007 [YR2007],..,..,..,..,..,..
Chile,2008 [YR2008],..,..,..,..,..,..
Chile,2009 [YR2009],..,..,..,..,..,..
Chile,2010 [YR2010],..,..,..,..,..,..
Chile,2011 [YR2011],..,..,..,..,..,..
Chile,2012 [YR2012],..,..,..,..,..,..
Chile,2013 [YR2013],..,..,..,..,..,..
Chile,2014 [YR2014],..,..,..,..,..,..
Chile,2015 [YR2015],..,..,..,..,..,..
Chile,2016 [YR2016],64.3,76.3,59.9,..,69.8,..
Chile,2017 [YR2017],..,..,..,..,..,..
Chile,2018 [YR2018],..,..,..,..,..,..
Chile,2019 [YR2019],..,..,..,..,..,..
Chile,2020 [YR2020],..,..,..,..,..,..
Chile,2021 [YR2021],..,..,..,..,..,..
Chile,2022 [YR2022],..,..,..,..,..,..
Chile,2023 [YR2023],..,..,..,..,..,..
Ecuador,1970 [YR1970],..,..,..,..,..,..
Ecuador,1971 [YR1971],..,..,..,..,..,..
Ecuador,1972 [YR1972],..,..,..,..,..,..
Ecuador,1973 [YR1973],..,..,..,..,..,..
Ecuador,1974 [YR1974],..,..,..,..,..,..
Ecuador,1975 [YR1975],..,..,..,..,..,..
Ecuador,1976 [YR1976],..,..,..,..,..,..
Ecuador,1977 [YR1977],..,..,..,..,..,..
Ecuador,1978 [YR1978],..,..,..,..,..,..
Ecuador,1979 [YR1979],..,35,..,..,..,..
Ecuador,1980 [YR1980],..,..,..,..,..,..
Ecuador,1981 [YR1981],..,..,..,..,..,..
Ecuador,1982 [YR1982],..,39.2,..,..,..,..
Ecuador,1983 [YR1983],..,..,..,..,..,..
Ecuador,1984 [YR1984],..,..,..,..,..,..
Ecuador,1985 [YR1985],..,..,..,..,..,..
Ecuador,1986 [YR1986],..,..,..,..,..,..
Ecuador,1987 [YR1987],29,44.3,23.5,..,35.8,..
Ecuador,1988 [YR1988],..,..,..,..,..,..
Ecuador,1989 [YR1989],34,52.9,26.7,..,41.5,..
Ecuador,1990 [YR1990],..,..,..,..,..,..
Ecuador,1991 [YR1991],..,..,..,..,..,..
Ecuador,1992 [YR1992],..,..,..,..,..,..
Ecuador,1993 [YR1993],..,..,..,..,..,..
Ecuador,1994 [YR1994],35.3,56.8,28.4,..,45.7,..
Ecuador,1995 [YR1995],..,..,..,..,..,..
Ecuador,1996 [YR1996],..,..,..,..,..,..
Ecuador,1997 [YR1997],..,..,..,..,..,..
Ecuador,1998 [YR1998],..,..,..,..,..,..
Ecuador,1999 [YR1999],41.9,66.3,32.3,..,51.7,..
Ecuador,2000 [YR2000],..,..,..,..,..,..
Ecuador,2001 [YR2001],..,..,..,..,..,..
Ecuador,2002 [YR2002],..,..,..,..,..,..
Ecuador,2003 [YR2003],..,..,..,..,..,..
Ecuador,2004 [YR2004],48.5,72.7,39.4,..,58.7,..
Ecuador,2005 [YR2005],..,..,..,..,..,..
Ecuador,2006 [YR2006],..,..,..,..,..,..
Ecuador,2007 [YR2007],..,..,..,..,..,..
Ecuador,2008 [YR2008],..,..,..,..,..,..
Ecuador,2009 [YR2009],..,..,..,..,..,..
Ecuador,2010 [YR2010],..,..,..,..,..,..
Ecuador,2011 [YR2011],..,..,..,..,..,..
Ecuador,2012 [YR2012],54.7,80.1,49,..,71.5,..
Ecuador,2013 [YR2013],..,..,..,..,..,..
Ecuador,2014 [YR2014],49.8,74.7,45.3,..,67.2,..
Ecuador,2015 [YR2015],..,..,..,..,..,..
Ecuador,2016 [YR2016],..,..,..,..,..,..
Ecuador,2017 [YR2017],..,..,..,..,..,..
Ecuador,2018 [YR2018],..,..,..,..,..,..
Ecuador,2019 [YR2019],56.6,77.9,52.9,..,72.4,..
Ecuador,2020 [YR2020],..,..,..,..,..,..
Ecuador,2021 [YR2021],..,..,..,..,..,..
Ecuador,2022 [YR2022],..,..,..,..,..,..
Ecuador,2023 [YR2023],..,..,..,..,..,..
Guyana,1970 [YR1970],..,..,..,..,..,..
Guyana,1971 [YR1971],..,..,..,..,..,..
Guyana,1972 [YR1972],..,..,..,..,..,..
Guyana,1973 [YR1973],..,..,..,..,..,..
Guyana,1974 [YR1974],..,..,..,..,..,..
Guyana,1975 [YR1975],..,29.5,..,..,23.4,..
Guyana,1976 [YR1976],..,..,..,..,..,..
Guyana,1977 [YR1977],..,..,..,..,..,..
Guyana,1978 [YR1978],..,..,..,..,..,..
Guyana,1979 [YR1979],..,..,..,..,..,..
Guyana,1980 [YR1980],..,..,..,..,..,..
Guyana,1981 [YR1981],..,..,..,..,..,..
Guyana,1982 [YR1982],..,..,..,..,..,..
Guyana,1983 [YR1983],..,..,..,..,..,..
Guyana,1984 [YR1984],..,..,..,..,..,..
Guyana,1985 [YR1985],..,..,..,..,..,..
Guyana,1986 [YR1986],..,..,..,..,..,..
Guyana,1987 [YR1987],..,..,..,..,..,..
Guyana,1988 [YR1988],..,..,..,..,..,..
Guyana,1989 [YR1989],..,..,..,..,..,..
Guyana,1990 [YR1990],..,..,..,..,..,..
Guyana,1991 [YR1991],..,..,..,..,..,..
Guyana,1992 [YR1992],..,38.2,..,..,36.9,..
Guyana,1993 [YR1993],..,..,..,..,..,..
Guyana,1994 [YR1994],..,..,..,..,..,..
Guyana,1995 [YR1995],..,..,..,..,..,..
Guyana,1996 [YR1996],..,..,..,..,..,..
Guyana,1997 [YR1997],..,..,..,..,..,..
Guyana,1998 [YR1998],..,..,..,..,..,..
Guyana,1999 [YR1999],..,..,..,..,..,..
Guyana,2000 [YR2000],..,37.3,..,..,36.3,..
Guyana,2001 [YR2001],..,..,..,..,..,..
Guyana,2002 [YR2002],..,..,..,..,..,..
Guyana,2003 [YR2003],..,..,..,..,..,..
Guyana,2004 [YR2004],..,..,..,..,..,..
Guyana,2005 [YR2005],..,34.6,..,..,33.6,..
Guyana,2006 [YR2006],..,..,..,..,..,..
Guyana,2007 [YR2007],24.6,34.2,23.5,..,33,..
Guyana,2008 [YR2008],..,..,..,..,..,..
Guyana,2009 [YR2009],34.6,42.5,32.5,63.6,40,60.8
Guyana,2010 [YR2010],..,..,..,..,..,..
Guyana,2011 [YR2011],..,..,..,..,..,..
Guyana,2012 [YR2012],..,..,..,..,..,..
Guyana,2013 [YR2013],..,..,..,..,..,..
Guyana,2014 [YR2014],25.5,33.9,24.1,..,32.6,..
Guyana,2015 [YR2015],..,..,..,..,..,..
Guyana,2016 [YR2016],..,..,..,..,..,..
Guyana,2017 [YR2017],..,..,..,..,..,..
Guyana,2018 [YR2018],..,..,..,..,..,..
Guyana,2019 [YR2019],..,..,..,..,..,..
Guyana,2020 [YR2020],23,29.9,21.8,..,28.6,..
Guyana,2021 [YR2021],..,..,..,..,..,..
Guyana,2022 [YR2022],..,..,..,..,..,..
Guyana,2023 [YR2023],..,..,..,..,..,..
Paraguay,1970 [YR1970],..,..,..,..,..,..
Paraguay,1971 [YR1971],..,..,..,..,..,..
Paraguay,1972 [YR1972],..,..,..,..,..,..
Paraguay,1973 [YR1973],..,..,..,..,..,..
Paraguay,1974 [YR1974],..,..,..,..,..,..
Paraguay,1975 [YR1975],..,..,..,..,..,..
Paraguay,1976 [YR1976],..,..,..,..,..,..
Paraguay,1977 [YR1977],..,28.6,..,..,23.3,..
Paraguay,1978 [YR1978],..,..,..,..,..,..
Paraguay,1979 [YR1979],..,37.7,..,..,25.4,..
Paraguay,1980 [YR1980],..,..,..,..,..,..
Paraguay,1981 [YR1981],..,..,..,..,..,..
Paraguay,1982 [YR1982],..,..,..,..,..,..
Paraguay,1983 [YR1983],..,..,..,..,..,..
Paraguay,1984 [YR1984],..,..,..,..,..,..
Paraguay,1985 [YR1985],..,..,..,..,..,..
Paraguay,1986 [YR1986],..,..,..,..,..,..
Paraguay,1987 [YR1987],28.8,44.8,18.3,..,29,..
Paraguay,1988 [YR1988],..,..,..,..,..,..
Paraguay,1989 [YR1989],..,..,..,..,..,..
Paraguay,1990 [YR1990],32.7,48.4,23.6,38.7,35.2,25.4
Paraguay,1991 [YR1991],..,..,..,..,..,..
Paraguay,1992 [YR1992],..,..,..,..,..,..
Paraguay,1993 [YR1993],..,..,..,..,..,..
Paraguay,1994 [YR1994],..,..,..,..,..,..
Paraguay,1995 [YR1995],..,..,..,..,..,..
Paraguay,1996 [YR1996],40.6,55.9,29.6,..,41.3,..
Paraguay,1997 [YR1997],..,..,..,..,..,..
Paraguay,1998 [YR1998],44.4,62.3,33.8,..,47.7,..
Paraguay,1999 [YR1999],..,..,..,..,..,..
Paraguay,2000 [YR2000],..,..,..,..,..,..
Paraguay,2001 [YR2001],..,..,..,..,..,..
Paraguay,2002 [YR2002],..,..,..,..,..,..
Paraguay,2003 [YR2003],..,..,..,..,..,..
Paraguay,2004 [YR2004],50.5,72.8,41.9,..,60.5,..
Paraguay,2005 [YR2005],..,..,..,..,..,..
Paraguay,2006 [YR2006],..,..,..,..,..,..
Paraguay,2007 [YR2007],..,..,..,..,..,..
Paraguay,2008 [YR2008],59,79.4,52.4,..,70.7,..
Paraguay,2009 [YR2009],..,..,..,..,..,..
Paraguay,2010 [YR2010],..,..,..,..,..,..
Paraguay,2011 [YR2011],..,..,..,..,..,..
Paraguay,2012 [YR2012],..,..,..,..,..,..
Paraguay,2013 [YR2013],..,..,..,..,..,..
Paraguay,2014 [YR2014],..,..,..,..,..,..
Paraguay,2015 [YR2015],..,..,..,..,..,..
Paraguay,2016 [YR2016],52.8,68.4,51.4,..,66.4,..
Paraguay,2017 [YR2017],..,..,..,..,..,..
Paraguay,2018 [YR2018],..,..,..,..,..,..
Paraguay,2019 [YR2019],..,..,..,..,..,..
Paraguay,2020 [YR2020],..,..,..,..,..,..
Paraguay,2021 [YR2021],..,..,..,..,..,..
Paraguay,2022 [YR2022],..,..,..,..,..,..
Paraguay,2023 [YR2023],..,..,..,..,..,..
Peru,1970 [YR1970],..,26,..,..,10,..
Peru,1971 [YR1971],..,..,..,..,..,..
Peru,1972 [YR1972],..,..,..,..,..,..
Peru,1973 [YR1973],..,..,..,..,..,..
Peru,1974 [YR1974],..,..,..,..,..,..
Peru,1975 [YR1975],..,..,..,..,..,..
Peru,1976 [YR1976],..,..,..,..,..,..
Peru,1977 [YR1977],..,..,..,..,..,..
Peru,1978 [YR1978],..,31.4,..,..,11.2,..
Peru,1979 [YR1979],..,..,..,..,..,..
Peru,1980 [YR1980],..,..,..,..,..,..
Peru,1981 [YR1981],25,41,..,..,17.6,..
Peru,1982 [YR1982],..,..,..,..,..,..
Peru,1983 [YR1983],..,..,..,..,..,..
Peru,1984 [YR1984],..,..,..,..,..,..
Peru,1985 [YR1985],..,..,..,..,..,..
Peru,1986 [YR1986],28,45.8,14.1,..,23,..
Peru,1987 [YR1987],..,..,..,..,..,..
Peru,1988 [YR1988],..,..,..,..,..,..
Peru,1989 [YR1989],..,..,..,..,..,..
Peru,1990 [YR1990],..,..,..,..,..,..
Peru,1991 [YR1991],..,..,..,..,..,..
Peru,1992 [YR1992],35.7,59,19.9,68.8,32.8,32.3
Peru,1993 [YR1993],..,..,..,..,..,..
Peru,1994 [YR1994],..,..,..,..,..,..
Peru,1995 [YR1995],..,..,..,..,..,..
Peru,1996 [YR1996],40.9,64.2,26.4,76.5,41.3,45.9
Peru,1997 [YR1997],..,..,..,..,..,..
Peru,1998 [YR1998],..,..,..,..,..,..
Peru,1999 [YR1999],..,..,..,..,..,..
Peru,2000 [YR2000],44,68.9,32,76.4,50.4,45.3
Peru,2001 [YR2001],..,..,..,..,..,..
Peru,2002 [YR2002],..,..,..,..,..,..
Peru,2003 [YR2003],..,..,..,..,..,..
Peru,2004 [YR2004],..,..,..,..,..,..
Peru,2005 [YR2005],45.8,71.3,30.9,..,47.6,..
Peru,2006 [YR2006],45.8,71.3,30.9,86.4,47.6,57.9
Peru,2007 [YR2007],..,..,..,..,..,..
Peru,2008 [YR2008],48,72.4,33,86.4,48.8,61.9
Peru,2009 [YR2009],49.2,73.2,34.2,84.7,50,61.5
Peru,2010 [YR2010],50.1,74.4,34.7,85.9,50.5,62.7
Peru,2011 [YR2011],50.9,75.4,35.3,86.1,51.1,63.7
Peru,2012 [YR2012],51.5,75.5,36.1,85.5,51.8,64
Peru,2013 [YR2013],49.9,74,35.1,..,51.3,..
Peru,2014 [YR2014],51.2,74.6,36.4,..,52.2,..
Peru,2015 [YR2015],51.7,74.6,37.7,..,53.3,..
Peru,2016 [YR2016],53.4,76.2,38.9,..,54.3,..
Peru,2017 [YR2017],53.3,75.4,39.4,..,54.5,..
Peru,2018 [YR2018],52.7,76.3,39.1,..,55,..
Peru,2019 [YR2019],52.3,75.9,39.3,..,55.6,..
Peru,2020 [YR2020],50,77.4,36.9,..,55,..
Peru,2021 [YR2021],..,..,..,..,..,..
Peru,2022 [YR2022],..,..,..,..,..,..
Peru,2023 [YR2023],..,..,..,..,..,..
Suriname,1970 [YR1970],..,..,..,..,..,..
Suriname,1971 [YR1971],..,..,..,..,..,..
Suriname,1972 [YR1972],..,..,..,..,..,..
Suriname,1973 [YR1973],..,..,..,..,..,..
Suriname,1974 [YR1974],..,..,..,..,..,..
Suriname,1975 [YR1975],..,..,..,..,..,..
Suriname,1976 [YR1976],..,..,..,..,..,..
Suriname,1977 [YR1977],..,..,..,..,..,..
Suriname,1978 [YR1978],..,..,..,..,..,..
Suriname,1979 [YR1979],..,..,..,..,..,..
Suriname,1980 [YR1980],..,..,..,..,..,..
Suriname,1981 [YR1981],..,..,..,..,..,..
Suriname,1982 [YR1982],..,..,..,..,..,..
Suriname,1983 [YR1983],..,..,..,..,..,..
Suriname,1984 [YR1984],..,..,..,..,..,..
Suriname,1985 [YR1985],..,..,..,..,..,..
Suriname,1986 [YR1986],..,..,..,..,..,..
Suriname,1987 [YR1987],..,..,..,..,..,..
Suriname,1988 [YR1988],..,..,..,..,..,..
Suriname,1989 [YR1989],..,..,..,..,..,..
Suriname,1990 [YR1990],..,..,..,..,..,..
Suriname,1991 [YR1991],..,..,..,..,..,..
Suriname,1992 [YR1992],48,..,46.6,..,..,..
Suriname,1993 [YR1993],..,..,..,..,..,..
Suriname,1994 [YR1994],..,..,..,..,..,..
Suriname,1995 [YR1995],..,..,..,..,..,..
Suriname,1996 [YR1996],..,..,..,..,..,..
Suriname,1997 [YR1997],..,..,..,..,..,..
Suriname,1998 [YR1998],..,..,..,..,..,..
Suriname,1999 [YR1999],..,..,..,..,..,..
Suriname,2000 [YR2000],28.6,42.1,27.7,..,40.7,..
Suriname,2001 [YR2001],..,..,..,..,..,..
Suriname,2002 [YR2002],..,..,..,..,..,..
Suriname,2003 [YR2003],..,..,..,..,..,..
Suriname,2004 [YR2004],..,..,..,..,..,..
Suriname,2005 [YR2005],..,..,..,..,..,..
Suriname,2006 [YR2006],33.7,45.6,33.4,..,45,..
Suriname,2007 [YR2007],..,..,..,..,..,..
Suriname,2008 [YR2008],..,..,..,..,..,..
Suriname,2009 [YR2009],..,..,..,..,..,..
Suriname,2010 [YR2010],36,47.6,35.7,..,47.2,..
Suriname,2011 [YR2011],..,..,..,..,..,..
Suriname,2012 [YR2012],..,..,..,..,..,..
Suriname,2013 [YR2013],..,..,..,..,..,..
Suriname,2014 [YR2014],..,..,..,..,..,..
Suriname,2015 [YR2015],..,..,..,..,..,..
Suriname,2016 [YR2016],..,..,..,..,..,..
Suriname,2017 [YR2017],..,..,..,..,..,..
Suriname,2018 [YR2018],30.7,39.1,30.4,..,38.7,..
Suriname,2019 [YR2019],..,..,..,..,..,..
Suriname,2020 [YR2020],..,..,..,..,..,..
Suriname,2021 [YR2021],..,..,..,..,..,..
Suriname,2022 [YR2022],..,..,..,..,..,..
Suriname,2023 [YR2023],..,..,..,..,..,..
Uruguay,1970 [YR1970],..,..,..,..,..,..
Uruguay,1971 [YR1971],..,..,..,..,..,..
Uruguay,1972 [YR1972],..,..,..,..,..,..
Uruguay,1973 [YR1973],..,..,..,..,..,..
Uruguay,1974 [YR1974],..,..,..,..,..,..
Uruguay,1975 [YR1975],..,..,..,..,..,..
Uruguay,1976 [YR1976],..,..,..,..,..,..
Uruguay,1977 [YR1977],..,..,..,..,..,..
Uruguay,1978 [YR1978],..,..,..,..,..,..
Uruguay,1979 [YR1979],..,..,..,..,..,..
Uruguay,1980 [YR1980],..,..,..,..,..,..
Uruguay,1981 [YR1981],..,..,..,..,..,..
Uruguay,1982 [YR1982],..,..,..,..,..,..
Uruguay,1983 [YR1983],..,..,..,..,..,..
Uruguay,1984 [YR1984],..,..,..,..,..,..
Uruguay,1985 [YR1985],..,..,..,..,..,..
Uruguay,1986 [YR1986],..,83,..,..,72.4,..
Uruguay,1987 [YR1987],..,..,..,..,..,..
Uruguay,1988 [YR1988],..,..,..,..,..,..
Uruguay,1989 [YR1989],..,..,..,..,..,..
Uruguay,1990 [YR1990],..,..,..,..,..,..
Uruguay,1991 [YR1991],..,..,..,..,..,..
Uruguay,1992 [YR1992],..,..,..,..,..,..
Uruguay,1993 [YR1993],..,..,..,..,..,..
Uruguay,1994 [YR1994],..,..,..,..,..,..
Uruguay,1995 [YR1995],..,..,..,..,..,..
Uruguay,1996 [YR1996],..,..,..,..,..,..
Uruguay,1997 [YR1997],..,..,..,..,..,..
Uruguay,1998 [YR1998],..,..,..,..,..,..
Uruguay,1999 [YR1999],..,..,..,..,..,..
Uruguay,2000 [YR2000],..,..,..,..,..,..
Uruguay,2001 [YR2001],..,..,..,..,..,..
Uruguay,2002 [YR2002],..,..,..,..,..,..
Uruguay,2003 [YR2003],..,..,..,..,..,..
Uruguay,2004 [YR2004],..,77,..,..,74.8,..
Uruguay,2005 [YR2005],..,..,..,..,..,..
Uruguay,2006 [YR2006],..,..,..,..,..,..
Uruguay,2007 [YR2007],..,..,..,..,..,..
Uruguay,2008 [YR2008],..,..,..,..,..,..
Uruguay,2009 [YR2009],..,..,..,..,..,..
Uruguay,2010 [YR2010],..,..,..,..,..,..
Uruguay,2011 [YR2011],..,..,..,..,..,..
Uruguay,2012 [YR2012],..,..,..,..,..,..
Uruguay,2013 [YR2013],..,..,..,..,..,..
Uruguay,2014 [YR2014],..,..,..,..,..,..
Uruguay,2015 [YR2015],76.8,..,75.8,..,..,..
Uruguay,2016 [YR2016],..,..,..,..,..,..
Uruguay,2017 [YR2017],..,..,..,..,..,..
Uruguay,2018 [YR2018],..,..,..,..,..,..
Uruguay,2019 [YR2019],..,..,..,..,..,..
Uruguay,2020 [YR2020],..,..,..,..,..,..
Uruguay,2021 [YR2021],..,..,..,..,..,..
Uruguay,2022 [YR2022],..,..,..,..,..,..
Uruguay,2023 [YR2023],..,..,..,..,..,..
Venezula,1970 [YR1970],..,..,..,..,..,..
Venezula,1971 [YR1971],..,..,..,..,..,..
Venezula,1972 [YR1972],..,..,..,..,..,..
Venezula,1973 [YR1973],..,..,..,..,..,..
Venezula,1974 [YR1974],..,..,..,..,..,..
Venezula,1975 [YR1975],..,..,..,..,..,..
Venezula,1976 [YR1976],..,..,..,..,..,..
Venezula,1977 [YR1977],..,50,..,..,38,..
Venezula,1978 [YR1978],..,..,..,..,..,..
Venezula,1979 [YR1979],..,..,..,..,..,..
Venezula,1980 [YR1980],..,..,..,..,..,..
Venezula,1981 [YR1981],..,..,..,..,..,..
Venezula,1982 [YR1982],..,..,..,..,..,..
Venezula,1983 [YR1983],..,..,..,..,..,..
Venezula,1984 [YR1984],..,..,..,..,..,..
Venezula,1985 [YR1985],..,..,..,..,..,..
Venezula,1986 [YR1986],..,..,..,..,..,..
Venezula,1987 [YR1987],..,..,..,..,..,..
Venezula,1988 [YR1988],..,..,..,..,..,..
Venezula,1989 [YR1989],..,..,..,..,..,..
Venezula,1990 [YR1990],..,..,..,..,..,..
Venezula,1991 [YR1991],..,..,..,..,..,..
Venezula,1992 [YR1992],..,..,..,..,..,..
Venezula,1993 [YR1993],..,58,..,..,54.5,..
Venezula,1994 [YR1994],..,..,..,..,..,..
Venezula,1995 [YR1995],..,..,..,..,..,..
Venezula,1996 [YR1996],..,..,..,..,..,..
Venezula,1997 [YR1997],..,..,..,..,..,..
Venezula,1998 [YR1998],47.3,70.3,41.5,..,61.7,..
Venezula,1999 [YR1999],..,..,..,..,..,..
Venezula,2000 [YR2000],..,..,..,..,..,..
Venezula,2001 [YR2001],..,..,..,..,..,..
Venezula,2002 [YR2002],..,..,..,..,..,..
Venezula,2003 [YR2003],..,..,..,..,..,..
Venezula,2004 [YR2004],..,..,..,..,..,..
Venezula,2005 [YR2005],..,..,..,..,..,..
Venezula,2006 [YR2006],..,..,..,..,..,..
Venezula,2007 [YR2007],..,..,..,..,..,..
Venezula,2008 [YR2008],..,..,..,..,..,..
Venezula,2009 [YR2009],..,..,..,..,..,..
Venezula,2010 [YR2010],..,75,..,..,..,..
Venezula,2011 [YR2011],..,..,..,..,..,..
Venezula,2012 [YR2012],..,..,..,..,..,..
Venezula,2013 [YR2013],..,..,..,..,..,..
Venezula,2014 [YR2014],..,..,..,..,..,..
Venezula,2015 [YR2015],..,..,..,..,..,..
Venezula,2016 [YR2016],..,..,..,..,..,..
Venezula,2017 [YR2017],..,..,..,..,..,..
Venezula,2018 [YR2018],..,..,..,..,..,..
Venezula,2019 [YR2019],..,..,..,..,..,..
Venezula,2020 [YR2020],..,..,..,..,..,..
Venezula,2021 [YR2021],..,..,..,..,..,..
Venezula,2022 [YR2022],..,..,..,..,..,..
Venezula,2023 [YR2023],..,..,..,..,..,..
